{
    "loss": 28.978763580322266,
    "accuracy": 0.692307710647583
}